{
    "chart_data":
    {
        "legend":
        {
            "data": [
                "司机拉新",
                "商旅人群",
                "高校人群",
                "邻县渗透",
                "促销"
            ]
        },
        "xAxis":
        {
            "data": [
                "川渝云贵",
                "浙豫皖",
                "闽赣",
                "京津冀",
                "沪苏"
            ]
        },
        "series": [
        {
            "name": "司机拉新",
            "type": "bar",
            "stack": "总量",
            "barWidth": 50,
            "data": [
                0,
                0,
                0,
                0,
                0
            ]
        },
        {
            "name": "商旅人群",
            "type": "bar",
            "stack": "总量",
            "barWidth": 50,
            "data": [
                4.5,
                2.8,
                5,
                0,
                0
            ]
        },
        {
            "name": "高校人群",
            "type": "bar",
            "stack": "总量",
            "barWidth": 50,
            "data": [
                3.5,
                1.8,
                3,
                0,
                0
            ]
        },
        {
            "name": "邻县渗透",
            "type": "bar",
            "stack": "总量",
            "barWidth": 50,
            "data": [
                2.5,
                4.4,
                2,
                0,
                0
            ]
        },
        {
            "name": "促销",
            "type": "bar",
            "stack": "总量",
            "barWidth": 50,
            "data": [
                0,
                0,
                0,
                0,
                0
            ]
        }]
    }
}