{
    "chart_data":
    {
        "legend":
        {
            "data": [
                "朋友圈",
                "今日头条",
                "车轮",
                "小米",
                "非常准"
            ]
        },
        "xAxis":
        {
            "data": [
                "高校人群",
                "邻县渗透",
                "促销",
                "商旅人群",
                "司机拉新"
            ]
        },
        "series": [
        {
            "name": "朋友圈",
            "type": "bar",
            "stack": "总量",
            "barWidth": 50,
            "data": [
                0,
                0,
                0,
                0,
                0
            ]
        },
        {
            "name": "小米",
            "type": "bar",
            "stack": "总量",
            "barWidth": 50,
            "data": [
                4.5,
                2.8,
                5,
                0,
                0
            ]
        },
        {
            "name": "车轮",
            "type": "bar",
            "stack": "总量",
            "barWidth": 50,
            "data": [
                3.5,
                1.8,
                3,
                0,
                0
            ]
        },
        {
            "name": "今日头条",
            "type": "bar",
            "stack": "总量",
            "barWidth": 50,
            "data": [
                2.5,
                4.4,
                2,
                0,
                0
            ]
        },
        {
            "name": "非常准",
            "type": "bar",
            "stack": "总量",
            "barWidth": 50,
            "data": [
                0,
                0,
                0,
                0,
                0
            ]
        }]
    }
}