{
    "chart_data":
    {
        "legend":
        {
            "data": [
                "司机拉新",
                "商旅人群",
                "高校人群",
                "邻县渗透",
                "促销"
            ]
        },
        "xAxis":
        {
            "data": [
                "朋友圈",
                "今日头条",
                "小米",
                "车轮"
            ]
        },
        "series": [
        {
            "name": "司机拉新",
            "type": "bar",
            "stack": "总量",
            "barWidth": 50,
            "data": [
                0,
                0,
                0,
                0
            ]
        },
        {
            "name": "商旅人群",
            "type": "bar",
            "stack": "总量",
            "barWidth": 50,
            "data": [
                0,
                0,
                0,
                0
            ]
        },
        {
            "name": "高校人群",
            "type": "bar",
            "stack": "总量",
            "barWidth": 50,
            "data": [
                2,
                2,
                3,
                5
            ]
        },
        {
            "name": "邻县渗透",
            "type": "bar",
            "stack": "总量",
            "barWidth": 50,
            "data": [
                2.4,
                4.4,
                1.8,
                2.8
            ]
        },
        {
            "name": "促销",
            "type": "bar",
            "stack": "总量",
            "barWidth": 50,
            "data": [
                4.3,
                2.5,
                3.5,
                4.5
            ]
        }]
    }
}