{
    "chart_data":
    {
        "title":"区域示使用占比",
        "legend":
        {
            "data": [
                "京津冀",
                "川渝云贵",
                "浙豫皖",
                "闽赣",
                "山东山西"
            ]
        },
        "series": {
            "data":[
                {"value":8.2, "name":"京津冀"},
                {"value":3.2, "name":"川渝云贵"},
                {"value":1.4, "name":"浙豫皖"},
                {"value":1.0, "name":"闽赣"},
                {"value":0,"name":"山东山西"}
            ]
        }
    }
}