{
    "chart_data":
    {
        "title":"项目占比",
        "legend":
        {
            "data": [
                "司机拉新",
                "促销",
                "商旅人群",
                "高校人群",
                "邻县渗透"
            ]
        },
        "series": {
            "data":[
                {"value":8.2, "name":"司机拉新"},
                {"value":3.2, "name":"促销"},
                {"value":1.4, "name":"商旅人群"},
                {"value":1.0, "name":"高校人群"},
                {"value":0,"name":"邻县渗透"}
            ]
        }
    }
}