{
    "chart_data":
    {
        "legend":
        {
            "data": [
                "朋友圈CPC成本",
                "今日头条CPC成本"
            ]
        },
        "xAxis":
        {
            "data": [
                "重庆",
                " ",
                " ",
                " "
            ]
        },
        "series": [
        {
            "name": "朋友圈CPC成本",
            "type": "bar",
            
            "data": [
                4.3,
                2.5,
                3.5,
                4.5
            ]
        },
        {
            "name": "今日头条CPC成本",
            "type": "bar",
            
            "data": [
                4.3,
                2.5,
                3.5,
                4.5
            ]
        }]
    }
}