{
    "chart_data":
    {
        "legend":
        {
            "data": [
                "点击成功率",
                "点击成功率"
            ]
        },
        "xAxis":
        {
            "data": [
                "邻县渗透",
                "司机拉新",
                "高校人群",
                "商旅人群",
                "促销"
            ]
        },
        "series": [
        {
            "name": "点击成功率",
            "type": "bar",
            "barWidth": "40%",
            "data": [
                4.3,
                2.5,
                3.5,
                4.5,
                0
            ]
        }]
    }
}