{
    "chart_data":
    {
        "legend":
        {
            "data": [
                "朋友圈CTR"
            ]
        },
        "xAxis":
        {
            "data": [
                "邻县渗透",
                "司机拉新",
                "高校人群",
                "商旅人群",
                "促销"
            ]
        },
        "series": [
        {
            "name": "朋友圈CTR",
            "type": "bar",
            "barWidth": "40%",
            "data": [
                4.3,
                2.5,
                3.5,
                4.5,
                0
            ]
        }]
    }
}