{
    "chart_data":
    {
        "legend":
        {
            "data": [
                "朋友圈CPM成本",
                "今日头条CPM成本"
            ]
        },
        "xAxis":
        {
            "data": [
                "川渝云贵",
                "东北大",
                "浙豫皖",
                "山东山西"
            ]
        },
        "series": [
        {
            "name": "朋友圈CPM成本",
            "type": "bar",
            
            "data": [
                4.3,
                2.5,
                3.5,
                4.5
            ]
        },
        {
            "name": "今日头条CPM成本",
            "type": "bar",
            
            "data": [
                4.3,
                2.5,
                3.5,
                4.5
            ]
        }]
    }
}